[
  {
    "name": "Welcome Image",
    "type": "image",
    "path": "/media/images/welcome.txt",
    "filename": "welcome.txt",
    "uploadDate": "2025-05-29T16:42:00.000Z"
  },
  {
    "name": "Welcome Audio",
    "type": "audio",
    "path": "/media/audio/welcome-audio.txt",
    "filename": "welcome-audio.txt",
    "uploadDate": "2025-05-29T16:42:30.000Z"
  },
  {
    "name": "Sign-up Video",
    "type": "video",
    "path": "/media/video/signup-video.txt",
    "filename": "signup-video.txt",
    "uploadDate": "2025-05-29T16:43:00.000Z"
  }
]
