{
  "917508612345@c.us": {
    "language": "hi"
  },
  "917507568501@c.us": {
    "language": "hi"
  },
  "917893816795@c.us": {
    "language": "en"
  },
  "919623501027@c.us": {
    "language": "hi"
  },
  "919325636435@c.us": {
    "language": "en"
  },
  "919359495891@c.us": {
    "language": "en"
  },
  "919130224871@c.us": {
    "language": "en"
  },
  "919052524352@c.us": {
    "language": "en"
  },
  "919730149161@c.us": {
    "language": "en"
  },
  "919561771912@c.us": {
    "language": "en"
  },
  "918114878788@c.us": {
    "language": "en"
  },
  "919356933079@c.us": {
    "language": "en"
  },
  "919863948460@c.us": {
    "language": "en"
  },
  "917640978558@c.us": {
    "language": "en"
  },
  "918143870133@c.us": {
    "language": "hi"
  },
  "919242107942@c.us": {
    "language": "hi"
  },
  "918247765806@c.us": {
    "language": "hi"
  },
  "918851962255@c.us": {
    "language": "en"
  },
  "916383957168@c.us": {
    "language": "en"
  },
  "918415047976@c.us": {
    "language": "en"
  },
  "918977525775@c.us": {
    "language": "en"
  },
  "918415055253@c.us": {
    "language": "en"
  },
  "917629002953@c.us": {
    "language": "en"
  },
  "919774339440@c.us": {
    "language": "en"
  },
  "919612611417@c.us": {
    "language": "en"
  },
  "919705014676@c.us": {
    "language": "en"
  },
  "918074282087@c.us": {
    "language": "en"
  },
  "917975909810@c.us": {
    "language": "en"
  },
  "918885788856@c.us": {
    "language": "en"
  },
  "917013212683@c.us": {
    "language": "en"
  },
  "919019915057@c.us": {
    "language": "en"
  },
  "919515348714@c.us": {
    "language": "en"
  },
  "919436480875@c.us": {
    "language": "en"
  },
  "919035899468@c.us": {
    "language": "en"
  },
  "918709297880@c.us": {
    "language": "en"
  }
}
